,id,name,localized_name,primary_attr,attack_type,roles,img,icon,base_health,base_health_regen,base_mana,base_mana_regen,base_armor,base_mr,base_attack_min,base_attack_max,base_str,base_agi,base_int,str_gain,agi_gain,int_gain,attack_range,projectile_speed,attack_rate,move_speed,turn_rate,cm_enabled,legs,hero_id,turbo_picks,turbo_wins,pro_win,pro_pick,pro_ban,1_pick,1_win,2_pick,2_win,3_pick,3_win,4_pick,4_win,5_pick,5_win,6_pick,6_win,7_pick,7_win,8_pick,8_win,null_pick,null_win
0,1,npc_dota_hero_antimage,Anti-Mage,agi,Melee,"['Carry', 'Escape', 'Nuker']",/apps/dota2/images/dota_react/heroes/antimage.png?,/apps/dota2/images/dota_react/heroes/icons/antimage.png?,200,0.25,75,0.0,0.0,25,29,33,23,24,12,1.6,2.8,1.8,150,0,1.4,310,,True,2,1,25230,13090,16,40,126,25085,12567,43539,22092,50650,25842,41191,21094,23354,11762,10004,5014,4083,1970,1134,578,1914559,0
1,2,npc_dota_hero_axe,Axe,str,Melee,"['Initiator', 'Durable', 'Disabler', 'Jungler', 'Carry']",/apps/dota2/images/dota_react/heroes/axe.png?,/apps/dota2/images/dota_react/heroes/icons/axe.png?,200,2.75,75,0.0,-1.0,25,27,31,25,20,18,3.4,2.2,1.6,150,900,1.7,310,,True,2,2,20202,10339,6,21,18,24491,12826,41500,21154,45993,23159,35621,17533,18887,9219,7350,3537,2753,1276,571,243,2300185,0
2,3,npc_dota_hero_bane,Bane,int,Ranged,"['Support', 'Disabler', 'Nuker', 'Durable']",/apps/dota2/images/dota_react/heroes/bane.png?,/apps/dota2/images/dota_react/heroes/icons/bane.png?,200,0.25,75,0.0,1.0,25,33,39,22,22,22,2.5,2.5,2.5,400,900,1.7,305,,True,4,3,6886,3237,164,274,171,7937,3821,16760,8363,24714,12587,25228,13055,17870,9391,9486,5140,5426,2952,2642,1417,485832,0
3,4,npc_dota_hero_bloodseeker,Bloodseeker,agi,Melee,"['Carry', 'Disabler', 'Jungler', 'Nuker', 'Initiator']",/apps/dota2/images/dota_react/heroes/bloodseeker.png?,/apps/dota2/images/dota_react/heroes/icons/bloodseeker.png?,200,0.25,75,0.0,2.0,25,35,41,24,22,17,2.7,3.1,2.0,150,900,1.7,300,,True,2,4,16979,8264,46,110,183,16098,8095,19947,10231,20498,10503,16903,8691,9863,4953,4457,2263,2063,1040,851,420,900168,0
4,5,npc_dota_hero_crystal_maiden,Crystal Maiden,int,Ranged,"['Support', 'Disabler', 'Nuker', 'Jungler']",/apps/dota2/images/dota_react/heroes/crystal_maiden.png?,/apps/dota2/images/dota_react/heroes/icons/crystal_maiden.png?,200,0.25,75,1.0,-1.0,25,28,34,18,16,16,2.2,1.6,3.3,600,900,1.7,280,,True,2,5,21001,10320,4,12,5,25172,12856,39714,19743,43908,21506,34703,16873,18925,9223,7627,3702,2941,1383,775,379,1794563,0
5,6,npc_dota_hero_drow_ranger,Drow Ranger,agi,Ranged,"['Carry', 'Disabler', 'Pusher']",/apps/dota2/images/dota_react/heroes/drow_ranger.png?,/apps/dota2/images/dota_react/heroes/icons/drow_ranger.png?,200,0.25,75,0.0,0.0,25,29,36,18,20,15,1.9,2.9,1.4,625,1250,1.7,295,0.7,True,2,6,41127,22185,23,46,43,27675,14004,38634,19396,39279,19673,29863,14838,15602,7754,6333,3041,2441,1185,600,280,1766948,0
6,7,npc_dota_hero_earthshaker,Earthshaker,str,Melee,"['Support', 'Initiator', 'Disabler', 'Nuker']",/apps/dota2/images/dota_react/heroes/earthshaker.png?,/apps/dota2/images/dota_react/heroes/icons/earthshaker.png?,200,1.0,75,0.0,2.0,25,27,37,22,12,18,3.7,1.4,2.1,150,0,1.7,315,0.9,True,2,7,34829,17433,105,212,149,24802,12348,47866,23797,63752,31822,59951,30010,37667,19078,17346,8864,7793,3893,2662,1401,1628844,0
7,8,npc_dota_hero_juggernaut,Juggernaut,agi,Melee,"['Carry', 'Pusher', 'Escape']",/apps/dota2/images/dota_react/heroes/juggernaut.png?,/apps/dota2/images/dota_react/heroes/icons/juggernaut.png?,200,0.5,75,0.0,0.0,25,16,20,20,34,14,2.2,2.8,1.4,150,0,1.4,305,,True,2,8,46725,23351,21,51,111,35107,17829,60201,30768,72872,37761,60945,31655,34286,17779,13965,7239,5012,2532,1002,479,2938120,0
8,9,npc_dota_hero_mirana,Mirana,agi,Ranged,"['Carry', 'Support', 'Escape', 'Nuker', 'Disabler']",/apps/dota2/images/dota_react/heroes/mirana.png?,/apps/dota2/images/dota_react/heroes/icons/mirana.png?,200,0.25,75,0.4,-1.0,25,27,32,18,18,22,2.2,3.7,1.9,630,900,1.7,290,,True,2,9,22063,11382,41,75,34,17208,8801,37402,19170,51346,26494,46222,23772,27270,13989,11587,5967,4796,2466,1600,835,2105254,0
9,10,npc_dota_hero_morphling,Morphling,agi,Ranged,"['Carry', 'Escape', 'Durable', 'Nuker', 'Disabler']",/apps/dota2/images/dota_react/heroes/morphling.png?,/apps/dota2/images/dota_react/heroes/icons/morphling.png?,200,0.25,75,0.0,-2.0,25,9,18,22,24,19,3.0,3.9,1.8,350,1300,1.5,280,,True,0,10,22357,11085,68,125,337,18567,9193,32069,15823,39516,19130,36060,16857,22959,10859,11281,5350,5674,2733,2323,1100,1309562,0
10,11,npc_dota_hero_nevermore,Shadow Fiend,agi,Ranged,"['Carry', 'Nuker']",/apps/dota2/images/dota_react/heroes/nevermore.png?,/apps/dota2/images/dota_react/heroes/icons/nevermore.png?,200,0.25,75,0.3,1.0,25,19,25,19,20,18,2.7,3.5,2.2,500,1200,1.6,305,0.9,True,0,11,44298,20988,27,49,36,29142,14251,48377,23961,59311,29506,52256,26252,31477,15726,14005,6967,5818,2854,1520,714,2353870,0
11,12,npc_dota_hero_phantom_lancer,Phantom Lancer,agi,Melee,"['Carry', 'Escape', 'Pusher', 'Nuker']",/apps/dota2/images/dota_react/heroes/phantom_lancer.png?,/apps/dota2/images/dota_react/heroes/icons/phantom_lancer.png?,200,1.5,75,0.0,-1.0,25,26,36,19,26,21,2.2,3.2,2.0,150,900,1.7,290,,True,2,12,17919,9307,25,51,235,17594,8997,25381,12719,26901,13175,20717,10244,11880,5917,5514,2748,2959,1595,1146,619,1417368,0
12,13,npc_dota_hero_puck,Puck,int,Ranged,"['Initiator', 'Disabler', 'Escape', 'Nuker']",/apps/dota2/images/dota_react/heroes/puck.png?,/apps/dota2/images/dota_react/heroes/icons/puck.png?,200,0.5,75,0.0,-3.0,25,22,30,17,22,23,2.4,2.5,3.5,550,900,1.7,290,0.8,True,2,13,10145,4537,56,117,341,6322,2826,13450,6026,21004,9414,22223,10008,15472,7065,7559,3525,3609,1632,1210,548,1292935,0
13,14,npc_dota_hero_pudge,Pudge,str,Melee,"['Disabler', 'Initiator', 'Durable', 'Nuker']",/apps/dota2/images/dota_react/heroes/pudge.png?,/apps/dota2/images/dota_react/heroes/icons/pudge.png?,200,2.0,75,0.0,0.0,25,42,48,25,14,16,3.0,1.4,1.5,175,0,1.7,280,0.7,True,2,14,111486,54150,13,29,20,53268,27539,93230,47720,113600,57070,98491,49344,58704,28908,25979,12539,10914,5197,2490,1175,4063111,0
14,15,npc_dota_hero_razor,Razor,agi,Ranged,"['Carry', 'Durable', 'Nuker', 'Pusher']",/apps/dota2/images/dota_react/heroes/razor.png?,/apps/dota2/images/dota_react/heroes/icons/razor.png?,200,1.0,75,0.0,-1.0,25,23,25,22,22,21,2.8,2.6,2.2,475,2000,1.7,290,,True,0,15,10832,5262,31,55,82,9077,4368,12762,6196,14852,7324,13593,6826,8603,4379,3950,2004,1721,899,504,258,720121,0
15,16,npc_dota_hero_sand_king,Sand King,str,Melee,"['Initiator', 'Disabler', 'Support', 'Nuker', 'Escape', 'Jungler']",/apps/dota2/images/dota_react/heroes/sand_king.png?,/apps/dota2/images/dota_react/heroes/icons/sand_king.png?,200,0.25,75,0.0,-1.0,25,23,33,22,19,19,2.7,1.8,1.8,150,900,1.7,290,,True,6,16,15906,8342,58,119,145,13082,6807,24547,12773,32240,16538,30422,15616,19861,10120,9745,4975,4529,2248,1539,789,1496292,0
16,17,npc_dota_hero_storm_spirit,Storm Spirit,int,Ranged,"['Carry', 'Escape', 'Nuker', 'Initiator', 'Disabler']",/apps/dota2/images/dota_react/heroes/storm_spirit.png?,/apps/dota2/images/dota_react/heroes/icons/storm_spirit.png?,200,0.25,75,0.0,2.0,25,24,34,21,22,23,2.0,1.7,3.9,480,1100,1.7,285,0.8,True,2,17,23696,11225,73,157,337,18081,8394,34367,16078,45492,21291,42338,20238,27104,12891,12810,6157,6120,2953,2197,1095,1462803,0
17,18,npc_dota_hero_sven,Sven,str,Melee,"['Carry', 'Disabler', 'Initiator', 'Durable', 'Nuker']",/apps/dota2/images/dota_react/heroes/sven.png?,/apps/dota2/images/dota_react/heroes/icons/sven.png?,200,0.25,75,0.0,0.0,25,41,43,22,21,16,3.2,2.0,1.3,150,0,1.9,325,,True,2,18,18038,8399,56,108,204,20417,9619,31938,15155,36578,17296,29907,14301,18062,8598,8515,4086,4089,1944,1656,770,1233824,0
18,19,npc_dota_hero_tiny,Tiny,str,Melee,"['Carry', 'Nuker', 'Pusher', 'Initiator', 'Durable', 'Disabler']",/apps/dota2/images/dota_react/heroes/tiny.png?,/apps/dota2/images/dota_react/heroes/icons/tiny.png?,200,1.5,75,0.0,0.0,25,31,37,30,0,17,4.0,0.0,2.2,150,900,1.7,295,,True,2,19,20637,9389,168,314,667,25871,12753,49069,24306,67272,33778,65467,33138,43194,22223,21190,10993,10168,5228,3653,1940,1233728,0
19,20,npc_dota_hero_vengefulspirit,Vengeful Spirit,agi,Ranged,"['Support', 'Initiator', 'Disabler', 'Nuker', 'Escape']",/apps/dota2/images/dota_react/heroes/vengefulspirit.png?,/apps/dota2/images/dota_react/heroes/icons/vengefulspirit.png?,200,0.25,75,0.0,0.0,25,24,30,19,20,19,2.6,3.2,1.5,400,1500,1.7,295,,True,2,20,13963,7210,29,62,45,11731,5934,22717,11531,30244,15525,27880,14170,16582,8426,7380,3759,3087,1566,915,476,1107828,0
20,21,npc_dota_hero_windrunner,Windranger,int,Ranged,"['Carry', 'Support', 'Disabler', 'Escape', 'Nuker']",/apps/dota2/images/dota_react/heroes/windrunner.png?,/apps/dota2/images/dota_react/heroes/icons/windrunner.png?,200,0.25,75,0.0,-1.0,25,24,36,18,17,18,3.0,1.4,3.6,600,1250,1.5,290,0.8,True,2,21,45713,23056,41,100,98,30309,15109,52849,26331,66202,32768,60580,30206,37104,18675,16965,8544,7495,3746,2371,1175,2556775,0
21,22,npc_dota_hero_zuus,Zeus,int,Ranged,"['Nuker', 'Carry']",/apps/dota2/images/dota_react/heroes/zuus.png?,/apps/dota2/images/dota_react/heroes/icons/zuus.png?,200,0.25,75,0.0,2.0,25,33,41,19,11,22,2.1,1.2,3.3,380,1100,1.7,315,,True,2,22,42102,22755,9,22,22,24280,12648,37733,19885,42204,22266,33536,17514,17901,9223,7024,3542,2494,1211,446,228,1720603,0
22,23,npc_dota_hero_kunkka,Kunkka,str,Melee,"['Carry', 'Support', 'Disabler', 'Initiator', 'Durable', 'Nuker']",/apps/dota2/images/dota_react/heroes/kunkka.png?,/apps/dota2/images/dota_react/heroes/icons/kunkka.png?,200,0.75,75,0.0,2.0,25,26,36,24,14,18,3.8,1.6,1.8,150,900,1.7,315,,True,2,23,18215,8733,64,121,161,17150,8267,31193,15383,39672,19681,35192,17445,20983,10452,9112,4504,3861,1872,1283,622,1192345,0
23,25,npc_dota_hero_lina,Lina,int,Ranged,"['Support', 'Carry', 'Nuker', 'Disabler']",/apps/dota2/images/dota_react/heroes/lina.png?,/apps/dota2/images/dota_react/heroes/icons/lina.png?,200,0.25,75,0.0,0.0,25,21,29,20,23,30,2.4,2.1,3.7,670,1000,1.6,290,,True,2,25,32925,14354,144,294,594,30011,13594,48717,22411,60982,28354,54926,26231,33577,16254,15265,7421,7341,3635,2747,1406,2240914,0
24,26,npc_dota_hero_lion,Lion,int,Ranged,"['Support', 'Disabler', 'Nuker', 'Initiator']",/apps/dota2/images/dota_react/heroes/lion.png?,/apps/dota2/images/dota_react/heroes/icons/lion.png?,200,0.25,75,0.0,-1.0,25,29,35,18,18,18,2.2,1.5,3.5,600,900,1.7,290,,True,2,26,48455,21920,99,211,86,45418,21973,80590,38523,99540,47544,86072,41264,50492,24084,21979,10368,9440,4448,2687,1296,3766094,0
25,27,npc_dota_hero_shadow_shaman,Shadow Shaman,int,Ranged,"['Support', 'Pusher', 'Disabler', 'Nuker', 'Initiator']",/apps/dota2/images/dota_react/heroes/shadow_shaman.png?,/apps/dota2/images/dota_react/heroes/icons/shadow_shaman.png?,200,1.0,75,0.0,2.0,25,46,53,23,16,25,2.3,1.6,3.5,400,900,1.7,285,,True,2,27,27345,14133,10,28,15,29023,14861,45604,23441,51344,26390,41976,21661,23405,12060,10010,5188,4363,2273,1153,563,2121774,0
26,28,npc_dota_hero_slardar,Slardar,str,Melee,"['Carry', 'Durable', 'Initiator', 'Disabler', 'Escape']",/apps/dota2/images/dota_react/heroes/slardar.png?,/apps/dota2/images/dota_react/heroes/icons/slardar.png?,200,0.5,75,0.0,3.0,25,30,38,21,17,15,3.6,2.4,1.5,150,0,1.7,300,,True,0,28,14765,7671,14,33,55,14545,7160,24596,12267,28629,14339,23411,11860,12879,6642,5431,2716,2383,1244,687,351,1198469,0
27,29,npc_dota_hero_tidehunter,Tidehunter,str,Melee,"['Initiator', 'Durable', 'Disabler', 'Nuker', 'Carry']",/apps/dota2/images/dota_react/heroes/tidehunter.png?,/apps/dota2/images/dota_react/heroes/icons/tidehunter.png?,200,0.25,75,0.5,0.0,25,25,31,27,15,18,3.5,1.5,1.7,150,900,1.7,300,,True,2,29,13475,6674,173,333,384,16011,7961,32903,16604,42721,21580,38205,19240,23073,11426,10460,5189,4727,2312,1635,764,1298432,0
28,30,npc_dota_hero_witch_doctor,Witch Doctor,int,Ranged,"['Support', 'Nuker', 'Disabler']",/apps/dota2/images/dota_react/heroes/witch_doctor.png?,/apps/dota2/images/dota_react/heroes/icons/witch_doctor.png?,200,0.25,75,0.0,0.0,25,29,39,18,13,22,2.3,1.4,3.3,600,1200,1.7,300,,True,2,30,22920,11314,7,23,11,29073,14684,48913,24339,53965,26620,40987,19939,21234,10168,8300,3959,2791,1338,652,291,2052577,0
29,31,npc_dota_hero_lich,Lich,int,Ranged,"['Support', 'Nuker']",/apps/dota2/images/dota_react/heroes/lich.png?,/apps/dota2/images/dota_react/heroes/icons/lich.png?,200,0.25,75,0.75,-1.0,25,24,33,20,15,24,2.1,2.0,4.1,550,900,1.7,295,,True,2,31,13547,6781,14,30,13,15881,7965,25866,13112,31049,15516,27152,13644,16564,8323,7479,3657,3268,1585,953,473,1212921,0
30,32,npc_dota_hero_riki,Riki,agi,Melee,"['Carry', 'Escape', 'Disabler']",/apps/dota2/images/dota_react/heroes/riki.png?,/apps/dota2/images/dota_react/heroes/icons/riki.png?,200,2.5,75,0.0,3.0,25,41,45,18,18,14,2.4,1.4,1.3,150,900,1.7,320,,True,2,32,18606,9689,9,18,21,15857,8274,22382,11699,23265,12127,17438,9030,9351,4932,4137,2159,1659,861,469,247,1197434,0
31,33,npc_dota_hero_enigma,Enigma,int,Ranged,"['Disabler', 'Jungler', 'Initiator', 'Pusher']",/apps/dota2/images/dota_react/heroes/enigma.png?,/apps/dota2/images/dota_react/heroes/icons/enigma.png?,200,0.25,75,0.0,2.0,25,24,30,21,14,19,2.5,1.0,3.6,500,900,1.7,290,,True,0,33,24738,13552,3,11,18,13324,7126,21650,11721,24063,13166,18474,10060,9960,5431,4415,2413,1889,1047,621,333,836342,0
32,34,npc_dota_hero_tinker,Tinker,int,Ranged,"['Carry', 'Nuker', 'Pusher']",/apps/dota2/images/dota_react/heroes/tinker.png?,/apps/dota2/images/dota_react/heroes/icons/tinker.png?,200,0.25,75,0.75,2.0,25,24,30,18,13,30,2.5,1.2,3.3,500,900,1.7,290,,True,2,34,24398,11489,45,76,328,17644,8741,33069,16999,44251,22714,41435,21518,26538,13878,12657,6679,5966,3287,1874,1005,1370478,0
33,35,npc_dota_hero_sniper,Sniper,agi,Ranged,"['Carry', 'Nuker']",/apps/dota2/images/dota_react/heroes/sniper.png?,/apps/dota2/images/dota_react/heroes/icons/sniper.png?,200,0.25,75,0.0,-1.0,25,13,19,19,27,15,2.0,3.2,2.6,550,3000,1.7,285,0.7,True,2,35,79243,40538,12,34,48,49011,25448,75471,39249,79458,41265,58253,29986,28398,14442,10137,5089,3305,1610,699,325,2539721,0
34,36,npc_dota_hero_necrolyte,Necrophos,int,Ranged,"['Carry', 'Nuker', 'Durable', 'Disabler']",/apps/dota2/images/dota_react/heroes/necrolyte.png?,/apps/dota2/images/dota_react/heroes/icons/necrolyte.png?,200,0.25,75,0.0,1.0,25,26,30,18,12,21,2.3,1.3,2.7,500,1200,1.7,280,,True,2,36,18246,9568,38,75,119,17039,8957,30604,16229,36689,19640,31790,17082,19297,10416,9125,4909,4288,2298,1441,779,1207235,0
35,37,npc_dota_hero_warlock,Warlock,int,Ranged,"['Support', 'Initiator', 'Disabler']",/apps/dota2/images/dota_react/heroes/warlock.png?,/apps/dota2/images/dota_react/heroes/icons/warlock.png?,200,0.25,75,0.0,1.0,25,24,34,24,10,25,3.0,1.0,3.1,600,1200,1.7,290,,True,2,37,8302,4553,4,12,8,7299,3772,13058,6629,15622,8045,13247,6664,7905,3976,3446,1718,1401,709,375,164,850383,0
36,38,npc_dota_hero_beastmaster,Beastmaster,str,Melee,"['Initiator', 'Disabler', 'Durable', 'Nuker']",/apps/dota2/images/dota_react/heroes/beastmaster.png?,/apps/dota2/images/dota_react/heroes/icons/beastmaster.png?,200,0.25,75,0.0,0.0,25,33,37,23,18,16,2.9,1.6,1.9,150,0,1.7,305,,True,2,38,2998,1323,84,131,320,2022,881,3516,1596,4723,2196,4834,2311,3377,1680,2046,1091,1266,690,846,450,234170,0
37,39,npc_dota_hero_queenofpain,Queen of Pain,int,Ranged,"['Carry', 'Nuker', 'Escape']",/apps/dota2/images/dota_react/heroes/queenofpain.png?,/apps/dota2/images/dota_react/heroes/icons/queenofpain.png?,200,0.25,75,0.0,0.0,25,24,30,18,22,25,2.4,2.5,3.4,550,1500,1.5,290,,True,2,39,17451,8052,53,105,174,15885,7589,29697,14238,39384,18995,36343,17599,23214,11626,10686,5255,4706,2337,1837,916,1371220,0
38,40,npc_dota_hero_venomancer,Venomancer,agi,Ranged,"['Support', 'Nuker', 'Initiator', 'Pusher', 'Disabler']",/apps/dota2/images/dota_react/heroes/venomancer.png?,/apps/dota2/images/dota_react/heroes/icons/venomancer.png?,200,0.25,75,0.0,0.0,25,18,21,19,24,19,2.1,2.8,1.8,450,900,1.7,280,,True,0,40,20671,11179,26,47,54,13237,6913,23806,12433,29263,15358,25429,13285,14792,7906,6612,3481,2861,1489,932,473,1195172,0
39,41,npc_dota_hero_faceless_void,Faceless Void,agi,Melee,"['Carry', 'Initiator', 'Disabler', 'Escape', 'Durable']",/apps/dota2/images/dota_react/heroes/faceless_void.png?,/apps/dota2/images/dota_react/heroes/icons/faceless_void.png?,200,0.5,75,0.0,1.0,25,37,43,20,19,15,2.4,3.0,1.5,150,900,1.7,300,0.9,True,2,41,27042,13415,29,79,293,22871,10839,40307,19102,47527,22773,39512,18953,22184,10772,9707,4754,4257,2069,1483,746,1932533,0
40,42,npc_dota_hero_skeleton_king,Wraith King,str,Melee,"['Carry', 'Support', 'Durable', 'Disabler', 'Initiator']",/apps/dota2/images/dota_react/heroes/skeleton_king.png?,/apps/dota2/images/dota_react/heroes/icons/skeleton_king.png?,200,0.25,75,0.0,-1.0,25,38,40,22,18,18,3.0,1.7,1.6,150,0,1.7,315,,True,2,42,31375,17586,41,76,56,27217,15098,43788,23948,49083,26520,39945,21459,23269,12465,10089,5429,4368,2329,1232,646,1929040,0
41,43,npc_dota_hero_death_prophet,Death Prophet,int,Ranged,"['Carry', 'Pusher', 'Nuker', 'Disabler']",/apps/dota2/images/dota_react/heroes/death_prophet.png?,/apps/dota2/images/dota_react/heroes/icons/death_prophet.png?,200,0.25,75,0.5,1.0,25,23,33,21,14,24,3.1,1.8,3.3,600,1000,1.7,325,0.8,True,2,43,6850,3341,36,80,102,6977,3345,9204,4487,10050,4890,8046,4037,4647,2354,2149,1089,1117,596,474,246,447108,0
42,44,npc_dota_hero_phantom_assassin,Phantom Assassin,agi,Melee,"['Carry', 'Escape']",/apps/dota2/images/dota_react/heroes/phantom_assassin.png?,/apps/dota2/images/dota_react/heroes/icons/phantom_assassin.png?,200,0.75,75,0.0,1.0,25,32,34,21,23,15,2.2,3.4,1.4,150,900,1.7,305,,True,2,44,58021,31083,20,53,63,40813,20676,60447,29956,64149,31505,50116,24248,26726,12939,10736,5133,4081,1862,1176,546,2360846,0
43,45,npc_dota_hero_pugna,Pugna,int,Ranged,"['Nuker', 'Pusher']",/apps/dota2/images/dota_react/heroes/pugna.png?,/apps/dota2/images/dota_react/heroes/icons/pugna.png?,200,0.25,75,0.5,0.0,25,21,28,19,24,24,2.0,1.3,5.2,630,900,1.7,330,,True,2,45,13646,6432,14,24,23,9911,4505,13766,6345,15642,7382,12876,6096,7756,3627,3463,1666,1575,801,504,241,696110,0
44,46,npc_dota_hero_templar_assassin,Templar Assassin,agi,Ranged,"['Carry', 'Escape']",/apps/dota2/images/dota_react/heroes/templar_assassin.png?,/apps/dota2/images/dota_react/heroes/icons/templar_assassin.png?,200,0.25,75,0.0,0.0,25,30,36,21,23,20,2.4,3.2,2.0,160,900,1.7,305,0.7,True,2,46,11743,5412,62,96,223,12944,5829,18065,8269,20820,9684,18358,8770,11153,5405,5625,2820,2743,1408,1039,502,1190897,0
45,47,npc_dota_hero_viper,Viper,agi,Ranged,"['Carry', 'Durable', 'Initiator', 'Disabler']",/apps/dota2/images/dota_react/heroes/viper.png?,/apps/dota2/images/dota_react/heroes/icons/viper.png?,200,0.25,75,0.0,-2.0,25,27,29,21,21,17,2.4,2.7,2.0,575,1200,1.7,275,,True,0,47,33405,16646,25,63,205,24159,11733,33810,16455,35898,18077,27912,13704,14947,7476,6031,2991,2622,1335,803,380,1567907,0
46,48,npc_dota_hero_luna,Luna,agi,Ranged,"['Carry', 'Nuker', 'Pusher']",/apps/dota2/images/dota_react/heroes/luna.png?,/apps/dota2/images/dota_react/heroes/icons/luna.png?,200,0.5,75,0.0,2.0,25,26,32,21,24,23,2.2,3.4,1.9,330,900,1.7,325,,True,2,48,23111,11932,89,164,226,21363,10779,36127,18193,44582,22235,39668,19833,24471,12152,11469,5621,5289,2592,1990,959,1945399,0
47,49,npc_dota_hero_dragon_knight,Dragon Knight,str,Melee,"['Carry', 'Pusher', 'Durable', 'Disabler', 'Initiator', 'Nuker']",/apps/dota2/images/dota_react/heroes/dragon_knight.png?,/apps/dota2/images/dota_react/heroes/icons/dragon_knight.png?,200,0.25,75,0.0,0.0,25,32,38,21,19,18,3.4,2.0,1.7,150,900,1.7,310,,True,2,49,9982,4914,18,54,21,12497,6153,20742,9969,23269,11274,17851,8600,9654,4591,3874,1813,1444,693,389,187,1229624,0
48,50,npc_dota_hero_dazzle,Dazzle,int,Ranged,"['Support', 'Nuker', 'Disabler']",/apps/dota2/images/dota_react/heroes/dazzle.png?,/apps/dota2/images/dota_react/heroes/icons/dazzle.png?,200,0.25,75,0.0,0.0,25,22,28,18,20,25,2.5,1.7,3.7,575,1200,1.7,305,0.7,True,2,50,23936,13112,11,24,4,22630,12178,41488,22503,47717,25744,37889,20371,20450,11094,8168,4393,2911,1557,671,334,1589890,0
49,51,npc_dota_hero_rattletrap,Clockwerk,str,Melee,"['Initiator', 'Disabler', 'Durable', 'Nuker']",/apps/dota2/images/dota_react/heroes/rattletrap.png?,/apps/dota2/images/dota_react/heroes/icons/rattletrap.png?,200,0.25,75,0.0,1.0,25,24,26,26,13,18,3.5,2.3,1.5,150,900,1.7,310,,True,2,51,8908,4569,38,89,36,5701,2810,12406,6126,17731,8665,16965,8419,10791,5348,4919,2477,2225,1148,785,387,790984,0
50,52,npc_dota_hero_leshrac,Leshrac,int,Ranged,"['Carry', 'Support', 'Nuker', 'Pusher', 'Disabler']",/apps/dota2/images/dota_react/heroes/leshrac.png?,/apps/dota2/images/dota_react/heroes/icons/leshrac.png?,200,0.25,75,0.0,0.0,25,22,26,20,23,22,2.5,2.8,3.5,575,900,1.7,325,,True,4,52,6851,3313,57,99,145,5191,2475,8308,3998,10865,5019,10317,4950,7037,3471,3800,1860,2224,1087,1022,491,634156,0
51,53,npc_dota_hero_furion,Nature's Prophet,int,Ranged,"['Carry', 'Jungler', 'Pusher', 'Escape', 'Nuker']",/apps/dota2/images/dota_react/heroes/furion.png?,/apps/dota2/images/dota_react/heroes/icons/furion.png?,200,0.25,75,0.75,0.0,25,27,37,21,22,23,2.6,3.6,3.7,600,1125,1.7,295,,True,2,53,26549,13589,41,67,43,18868,8574,24640,10560,23719,9979,18063,7494,9857,4088,4241,1804,1782,735,788,373,886830,0
52,54,npc_dota_hero_life_stealer,Lifestealer,str,Melee,"['Carry', 'Durable', 'Jungler', 'Escape', 'Disabler']",/apps/dota2/images/dota_react/heroes/life_stealer.png?,/apps/dota2/images/dota_react/heroes/icons/life_stealer.png?,200,0.25,75,0.0,1.0,25,22,28,25,19,15,2.4,2.6,1.8,150,900,1.7,320,0.9,True,2,54,21621,11217,43,101,262,18819,9622,32722,17020,39597,20856,34541,18059,20687,10850,9199,4768,3991,2036,1204,593,1398950,0
53,55,npc_dota_hero_dark_seer,Dark Seer,int,Melee,"['Initiator', 'Jungler', 'Escape', 'Disabler']",/apps/dota2/images/dota_react/heroes/dark_seer.png?,/apps/dota2/images/dota_react/heroes/icons/dark_seer.png?,200,0.25,75,0.0,2.0,25,33,39,20,18,21,3.1,1.8,3.1,150,900,1.7,295,,True,2,55,7851,4376,48,77,88,4394,2294,7616,3958,9369,4897,8638,4500,5506,2848,2736,1433,1302,648,500,252,522156,0
54,56,npc_dota_hero_clinkz,Clinkz,agi,Ranged,"['Carry', 'Escape', 'Pusher']",/apps/dota2/images/dota_react/heroes/clinkz.png?,/apps/dota2/images/dota_react/heroes/icons/clinkz.png?,200,0.25,75,0.0,0.0,25,15,21,16,22,18,2.0,2.5,2.2,600,900,1.7,290,,True,2,56,10481,4982,14,38,29,9522,4349,15254,7262,19543,9601,18977,9537,12480,6208,5774,2842,2686,1351,674,330,960877,0
55,57,npc_dota_hero_omniknight,Omniknight,str,Melee,"['Support', 'Durable', 'Nuker']",/apps/dota2/images/dota_react/heroes/omniknight.png?,/apps/dota2/images/dota_react/heroes/icons/omniknight.png?,200,0.25,75,0.0,2.0,25,31,41,23,15,15,3.1,2.0,1.8,150,900,1.7,315,,True,2,57,6243,3303,6,8,4,4990,2574,8713,4628,10109,5372,8409,4482,4784,2602,2242,1253,1016,522,310,163,478112,0
56,58,npc_dota_hero_enchantress,Enchantress,int,Ranged,"['Support', 'Jungler', 'Pusher', 'Durable', 'Disabler']",/apps/dota2/images/dota_react/heroes/enchantress.png?,/apps/dota2/images/dota_react/heroes/icons/enchantress.png?,200,0.25,75,0.0,1.0,25,23,33,17,19,22,1.7,1.8,3.8,575,900,1.7,320,,True,4,58,9388,4476,56,98,58,8870,4167,10523,4803,10391,4780,8172,3673,4671,2025,2245,1029,1049,462,550,262,479228,0
57,59,npc_dota_hero_huskar,Huskar,str,Ranged,"['Carry', 'Durable', 'Initiator']",/apps/dota2/images/dota_react/heroes/huskar.png?,/apps/dota2/images/dota_react/heroes/icons/huskar.png?,200,0.25,75,0.0,-1.0,25,21,26,21,13,18,3.4,1.6,1.5,400,1400,1.6,295,,True,2,59,23136,12295,10,20,30,20454,10396,24643,12634,24785,12810,19202,10286,11205,6017,4893,2690,2218,1208,694,369,1033577,0
58,60,npc_dota_hero_night_stalker,Night Stalker,str,Melee,"['Carry', 'Initiator', 'Durable', 'Disabler', 'Nuker']",/apps/dota2/images/dota_react/heroes/night_stalker.png?,/apps/dota2/images/dota_react/heroes/icons/night_stalker.png?,200,2.0,75,0.0,2.0,25,40,44,23,18,15,3.0,2.3,1.6,150,900,1.7,295,,True,2,60,7302,3537,91,177,336,7777,3806,16755,8489,24925,13077,25408,13402,17690,9405,8955,4757,4592,2436,1674,878,747476,0
59,61,npc_dota_hero_broodmother,Broodmother,agi,Melee,"['Carry', 'Pusher', 'Escape', 'Nuker']",/apps/dota2/images/dota_react/heroes/broodmother.png?,/apps/dota2/images/dota_react/heroes/icons/broodmother.png?,200,0.25,75,0.0,0.0,25,29,35,18,19,18,3.2,3.4,2.0,150,900,1.7,280,,True,8,61,3243,1288,18,30,23,2111,813,2484,1022,2418,1013,1848,824,1172,585,665,325,436,227,258,144,319186,0
60,62,npc_dota_hero_bounty_hunter,Bounty Hunter,agi,Melee,"['Escape', 'Nuker']",/apps/dota2/images/dota_react/heroes/bounty_hunter.png?,/apps/dota2/images/dota_react/heroes/icons/bounty_hunter.png?,200,1.25,75,0.5,4.0,25,30,38,20,21,22,2.5,2.6,1.9,150,900,1.7,320,,True,2,62,19130,8421,7,12,9,17797,8512,26872,13211,33195,16574,29808,14858,18780,9427,8539,4269,3739,1870,1174,570,1403108,0
61,63,npc_dota_hero_weaver,Weaver,agi,Ranged,"['Carry', 'Escape']",/apps/dota2/images/dota_react/heroes/weaver.png?,/apps/dota2/images/dota_react/heroes/icons/weaver.png?,200,1.25,75,0.5,0.0,25,37,43,16,17,20,2.0,3.1,2.0,425,900,1.8,275,,True,4,63,26762,13709,150,277,376,21978,11012,33667,16877,40130,20344,36153,18486,23245,12059,11446,5920,5812,3070,2648,1433,1164428,0
62,64,npc_dota_hero_jakiro,Jakiro,int,Ranged,"['Support', 'Nuker', 'Pusher', 'Disabler']",/apps/dota2/images/dota_react/heroes/jakiro.png?,/apps/dota2/images/dota_react/heroes/icons/jakiro.png?,200,0.25,75,0.0,1.0,25,27,35,27,15,26,2.8,1.2,3.0,400,1100,1.7,290,,True,2,64,20566,11102,58,128,29,17328,9387,34009,18397,45548,24492,41424,22142,25382,13524,11728,6165,5233,2778,1583,812,1346001,0
63,65,npc_dota_hero_batrider,Batrider,int,Ranged,"['Initiator', 'Jungler', 'Disabler', 'Escape']",/apps/dota2/images/dota_react/heroes/batrider.png?,/apps/dota2/images/dota_react/heroes/icons/batrider.png?,200,1.75,75,0.0,1.0,25,17,21,28,15,22,2.9,1.8,2.9,400,900,1.7,300,0.9,True,2,65,3723,1531,31,66,278,2589,1148,4607,2048,6141,2720,5948,2713,4353,2088,2536,1212,1800,911,1215,667,305397,0
64,66,npc_dota_hero_chen,Chen,int,Ranged,"['Support', 'Jungler', 'Pusher']",/apps/dota2/images/dota_react/heroes/chen.png?,/apps/dota2/images/dota_react/heroes/icons/chen.png?,200,0.25,75,0.5,-1.0,25,27,37,25,15,19,2.0,2.1,3.2,650,1100,1.7,300,,True,2,66,2664,1123,9,13,7,1265,599,1832,897,1969,907,1943,936,1187,542,661,330,370,172,147,75,105747,0
65,67,npc_dota_hero_spectre,Spectre,agi,Melee,"['Carry', 'Durable', 'Escape']",/apps/dota2/images/dota_react/heroes/spectre.png?,/apps/dota2/images/dota_react/heroes/icons/spectre.png?,200,1.5,75,0.0,1.0,25,23,27,23,23,16,2.5,2.1,1.9,150,900,1.7,290,,True,0,67,21798,12105,55,99,160,19393,10360,38927,20229,50438,25303,45571,22123,27473,13080,11834,5496,4753,2196,1322,576,1815215,0
66,68,npc_dota_hero_ancient_apparition,Ancient Apparition,int,Ranged,"['Support', 'Disabler', 'Nuker']",/apps/dota2/images/dota_react/heroes/ancient_apparition.png?,/apps/dota2/images/dota_react/heroes/icons/ancient_apparition.png?,200,0.25,75,0.0,-1.0,25,21,31,20,20,23,1.9,2.2,3.4,675,1250,1.7,285,,True,0,68,19915,10476,30,63,112,12558,6476,27139,14253,35876,18697,31594,16567,19110,9929,8601,4449,3619,1835,930,451,1752827,0
67,69,npc_dota_hero_doom_bringer,Doom,str,Melee,"['Carry', 'Disabler', 'Initiator', 'Durable', 'Nuker']",/apps/dota2/images/dota_react/heroes/doom_bringer.png?,/apps/dota2/images/dota_react/heroes/icons/doom_bringer.png?,200,0.25,75,0.0,3.0,25,34,44,24,11,15,3.7,0.9,1.7,200,900,1.9,285,,True,2,69,7087,3075,65,115,152,7590,3342,15677,6986,23018,10235,23134,10352,15902,7221,7937,3610,3663,1681,1281,604,847623,0
68,70,npc_dota_hero_ursa,Ursa,agi,Melee,"['Carry', 'Jungler', 'Durable', 'Disabler']",/apps/dota2/images/dota_react/heroes/ursa.png?,/apps/dota2/images/dota_react/heroes/icons/ursa.png?,200,0.5,75,0.0,1.0,25,24,28,25,18,16,2.6,2.6,1.5,150,900,1.7,310,,True,2,70,23199,12107,77,151,403,17506,8605,31261,15925,40717,21121,37624,19611,24358,12683,11741,6128,5553,2918,1787,926,1554872,0
69,71,npc_dota_hero_spirit_breaker,Spirit Breaker,str,Melee,"['Carry', 'Initiator', 'Disabler', 'Durable', 'Escape']",/apps/dota2/images/dota_react/heroes/spirit_breaker.png?,/apps/dota2/images/dota_react/heroes/icons/spirit_breaker.png?,200,1.25,75,0.0,2.0,25,31,41,28,17,14,3.0,1.7,1.8,150,900,1.9,295,,True,2,71,30567,15717,40,76,42,20995,10592,33523,16868,39658,19956,34564,17506,21748,10804,9983,5023,4514,2257,1669,804,1489863,0
70,72,npc_dota_hero_gyrocopter,Gyrocopter,agi,Ranged,"['Carry', 'Nuker', 'Disabler']",/apps/dota2/images/dota_react/heroes/gyrocopter.png?,/apps/dota2/images/dota_react/heroes/icons/gyrocopter.png?,200,0.25,75,0.0,2.0,25,16,22,22,26,21,2.5,3.3,2.4,365,3000,1.7,315,,True,2,72,10595,5142,44,94,143,9455,4488,16736,7687,22001,10283,20787,9799,13174,6230,6225,2976,2833,1343,1145,548,1091194,0
71,73,npc_dota_hero_alchemist,Alchemist,str,Melee,"['Carry', 'Support', 'Durable', 'Disabler', 'Initiator', 'Nuker']",/apps/dota2/images/dota_react/heroes/alchemist.png?,/apps/dota2/images/dota_react/heroes/icons/alchemist.png?,200,0.25,75,0.0,-1.0,25,27,33,25,22,25,2.9,1.5,1.8,150,900,1.7,305,,True,2,73,6089,2584,9,18,21,7196,3367,11837,5582,13001,6190,10141,4916,5476,2696,2152,1059,907,451,230,105,549723,0
72,74,npc_dota_hero_invoker,Invoker,int,Ranged,"['Carry', 'Nuker', 'Disabler', 'Escape', 'Pusher']",/apps/dota2/images/dota_react/heroes/invoker.png?,/apps/dota2/images/dota_react/heroes/icons/invoker.png?,200,0.25,75,0.0,0.0,25,29,35,18,14,15,2.4,1.9,4.6,600,900,1.7,275,,True,2,74,56226,27646,58,139,407,28286,13164,55545,26323,74329,36034,66978,32621,40530,19782,18132,8934,7760,3877,2279,1154,2855376,0
73,75,npc_dota_hero_silencer,Silencer,int,Ranged,"['Carry', 'Support', 'Disabler', 'Initiator', 'Nuker']",/apps/dota2/images/dota_react/heroes/silencer.png?,/apps/dota2/images/dota_react/heroes/icons/silencer.png?,200,0.25,75,0.0,-1.0,25,18,32,19,22,25,2.4,2.4,2.9,600,900,1.7,290,,True,2,75,35581,19263,91,185,271,33711,18272,59256,31984,69145,37290,57675,30916,33359,17558,14649,7690,6394,3336,1930,1003,2014514,0
74,76,npc_dota_hero_obsidian_destroyer,Outworld Devourer,int,Ranged,"['Carry', 'Nuker', 'Disabler']",/apps/dota2/images/dota_react/heroes/obsidian_destroyer.png?,/apps/dota2/images/dota_react/heroes/icons/obsidian_destroyer.png?,200,1.0,75,0.0,2.5,25,19,31,21,22,30,2.9,1.6,4.2,450,900,1.9,320,,True,4,76,12086,6164,12,26,39,9219,4559,16775,8548,23240,12055,21703,11325,13886,7326,6872,3577,2858,1471,752,364,1002342,0
75,77,npc_dota_hero_lycan,Lycan,str,Melee,"['Carry', 'Pusher', 'Jungler', 'Durable', 'Escape']",/apps/dota2/images/dota_react/heroes/lycan.png?,/apps/dota2/images/dota_react/heroes/icons/lycan.png?,200,0.25,75,0.0,0.0,25,24,29,26,16,23,3.4,1.7,1.7,150,900,1.7,315,,True,2,77,5125,2419,45,93,217,4077,1949,6746,3332,8935,4554,8582,4411,5600,2958,2784,1523,1588,893,856,511,271399,0
76,78,npc_dota_hero_brewmaster,Brewmaster,str,Melee,"['Carry', 'Initiator', 'Durable', 'Disabler', 'Nuker']",/apps/dota2/images/dota_react/heroes/brewmaster.png?,/apps/dota2/images/dota_react/heroes/icons/brewmaster.png?,200,0.5,75,0.0,-1.0,25,29,36,23,19,15,3.7,2.0,1.6,150,900,1.7,310,,True,2,78,3915,1962,12,29,80,2828,1407,4708,2414,6062,3086,5742,3028,3976,2087,2171,1143,1215,643,466,262,261704,0
77,79,npc_dota_hero_shadow_demon,Shadow Demon,int,Ranged,"['Support', 'Disabler', 'Initiator', 'Nuker']",/apps/dota2/images/dota_react/heroes/shadow_demon.png?,/apps/dota2/images/dota_react/heroes/icons/shadow_demon.png?,200,0.25,75,0.0,0.0,25,29,33,23,18,22,2.6,2.2,3.6,500,900,1.7,290,,True,2,79,5478,2480,39,91,137,3685,1683,6956,3222,9731,4555,9701,4622,6672,3182,3278,1610,1505,738,525,262,471542,0
78,80,npc_dota_hero_lone_druid,Lone Druid,agi,Ranged,"['Carry', 'Pusher', 'Jungler', 'Durable']",/apps/dota2/images/dota_react/heroes/lone_druid.png?,/apps/dota2/images/dota_react/heroes/icons/lone_druid.png?,200,0.25,75,0.0,-2.0,25,18,22,18,20,13,2.5,2.8,1.4,550,900,1.6,325,,True,2,80,4440,1977,16,26,61,3513,1655,5263,2529,5756,2810,4895,2459,2936,1512,1464,746,641,351,226,119,221811,0
79,81,npc_dota_hero_chaos_knight,Chaos Knight,str,Melee,"['Carry', 'Disabler', 'Durable', 'Pusher', 'Initiator']",/apps/dota2/images/dota_react/heroes/chaos_knight.png?,/apps/dota2/images/dota_react/heroes/icons/chaos_knight.png?,200,0.25,75,0.0,2.0,25,29,59,22,18,18,3.2,1.4,1.2,150,900,1.7,325,,True,2,81,13566,7178,19,33,20,16657,8683,22268,11445,21454,10970,16318,8376,9145,4814,4126,2157,1987,1019,659,336,1028184,0
80,82,npc_dota_hero_meepo,Meepo,agi,Melee,"['Carry', 'Escape', 'Nuker', 'Disabler', 'Initiator', 'Pusher']",/apps/dota2/images/dota_react/heroes/meepo.png?,/apps/dota2/images/dota_react/heroes/icons/meepo.png?,200,0.25,75,0.0,4.0,25,29,35,24,17,20,1.6,1.6,1.6,150,900,1.7,330,0.7,True,2,82,6836,3320,2,3,12,4301,2164,5092,2555,5198,2578,4213,2019,2215,1127,988,531,415,202,117,55,315480,0
81,83,npc_dota_hero_treant,Treant Protector,str,Melee,"['Support', 'Initiator', 'Durable', 'Disabler', 'Escape']",/apps/dota2/images/dota_react/heroes/treant.png?,/apps/dota2/images/dota_react/heroes/icons/treant.png?,200,0.25,75,0.5,-1.0,25,62,70,25,15,20,3.4,2.0,1.8,150,900,1.9,285,,True,2,83,11003,5456,8,27,22,11300,5832,20543,10607,24683,12862,21023,10864,12783,6694,6035,3188,3015,1574,1028,535,966205,0
82,84,npc_dota_hero_ogre_magi,Ogre Magi,int,Melee,"['Support', 'Nuker', 'Disabler', 'Durable', 'Initiator']",/apps/dota2/images/dota_react/heroes/ogre_magi.png?,/apps/dota2/images/dota_react/heroes/icons/ogre_magi.png?,200,3.25,75,0.0,5.0,25,34,40,23,14,15,3.3,1.5,2.5,150,900,1.7,290,,True,2,84,58971,31591,110,193,46,40081,21355,71678,38118,83309,44301,68947,37054,38599,20725,16498,8810,6905,3663,2117,1140,2847751,0
83,85,npc_dota_hero_undying,Undying,str,Melee,"['Support', 'Durable', 'Disabler', 'Nuker']",/apps/dota2/images/dota_react/heroes/undying.png?,/apps/dota2/images/dota_react/heroes/icons/undying.png?,200,0.25,75,0.25,1.0,25,35,43,22,10,27,2.8,1.2,2.8,150,900,1.7,300,,True,2,85,17169,9195,118,206,154,17545,9124,27467,14091,29948,15144,23889,12001,13686,6783,6103,3008,2885,1456,1016,500,968375,0
84,86,npc_dota_hero_rubick,Rubick,int,Ranged,"['Support', 'Disabler', 'Nuker']",/apps/dota2/images/dota_react/heroes/rubick.png?,/apps/dota2/images/dota_react/heroes/icons/rubick.png?,200,0.25,75,0.5,0.0,25,24,30,21,23,25,2.0,2.5,3.1,550,1125,1.7,290,0.7,True,2,86,38057,16932,106,202,111,19392,8591,40565,18037,58602,26304,58531,26427,38082,17514,17933,8281,8052,3731,2775,1321,2062103,0
85,87,npc_dota_hero_disruptor,Disruptor,int,Ranged,"['Support', 'Disabler', 'Nuker', 'Initiator']",/apps/dota2/images/dota_react/heroes/disruptor.png?,/apps/dota2/images/dota_react/heroes/icons/disruptor.png?,200,0.25,75,0.0,0.0,25,29,33,21,15,20,2.4,1.4,2.9,625,1200,1.7,295,,True,2,87,13557,6966,71,173,64,13916,7098,29727,15175,40623,21029,37464,19334,23881,12161,11351,5741,5342,2703,1879,939,1283212,0
86,88,npc_dota_hero_nyx_assassin,Nyx Assassin,agi,Melee,"['Disabler', 'Nuker', 'Initiator', 'Escape']",/apps/dota2/images/dota_react/heroes/nyx_assassin.png?,/apps/dota2/images/dota_react/heroes/icons/nyx_assassin.png?,200,2.0,75,0.0,1.0,25,27,31,17,18,21,2.5,2.5,2.1,150,900,1.7,310,,True,6,88,13954,6913,42,83,131,7153,3548,13513,6694,17910,8951,17127,8689,11175,5739,5149,2672,2356,1213,903,481,986511,0
87,89,npc_dota_hero_naga_siren,Naga Siren,agi,Melee,"['Carry', 'Support', 'Pusher', 'Disabler', 'Initiator', 'Escape']",/apps/dota2/images/dota_react/heroes/naga_siren.png?,/apps/dota2/images/dota_react/heroes/icons/naga_siren.png?,200,1.5,75,0.0,3.0,25,23,25,21,21,21,2.8,3.3,2.0,150,900,1.7,330,,True,0,89,8413,4585,13,35,78,7489,3950,9766,5160,10148,5110,8090,4201,4572,2343,2195,1132,1137,551,473,238,348587,0
88,90,npc_dota_hero_keeper_of_the_light,Keeper of the Light,int,Ranged,"['Support', 'Nuker', 'Disabler', 'Jungler']",/apps/dota2/images/dota_react/heroes/keeper_of_the_light.png?,/apps/dota2/images/dota_react/heroes/icons/keeper_of_the_light.png?,200,0.25,75,0.0,0.0,25,18,25,18,15,23,2.3,1.6,3.2,600,900,1.7,330,,True,2,90,7613,3462,13,22,12,7587,3472,12767,5806,15088,6767,12428,5609,7053,3249,2943,1354,1119,531,385,197,873692,0
89,91,npc_dota_hero_wisp,Io,str,Ranged,"['Support', 'Escape', 'Nuker']",/apps/dota2/images/dota_react/heroes/wisp.png?,/apps/dota2/images/dota_react/heroes/icons/wisp.png?,200,0.25,75,0.0,1.0,25,28,34,17,14,23,3.0,1.6,1.7,500,1200,1.7,320,0.7,True,0,91,9194,4408,87,168,237,7371,3603,13709,6774,18674,9406,18629,9514,12852,6595,6700,3486,3517,1848,1626,865,369309,0
90,92,npc_dota_hero_visage,Visage,int,Ranged,"['Support', 'Nuker', 'Durable', 'Disabler', 'Pusher']",/apps/dota2/images/dota_react/heroes/visage.png?,/apps/dota2/images/dota_react/heroes/icons/visage.png?,200,0.25,75,0.0,-1.0,25,23,33,22,11,22,2.8,1.3,2.9,600,1400,1.7,285,,True,2,92,3471,1568,17,31,103,1925,939,2811,1354,3688,1825,3844,1944,2771,1428,1629,869,1000,530,455,241,169454,0
91,93,npc_dota_hero_slark,Slark,agi,Melee,"['Carry', 'Escape', 'Disabler', 'Nuker']",/apps/dota2/images/dota_react/heroes/slark.png?,/apps/dota2/images/dota_react/heroes/icons/slark.png?,200,1.75,75,0.0,0.0,25,32,40,21,21,16,1.9,1.7,1.7,150,0,1.7,300,0.7,True,2,93,31764,16334,36,73,266,28632,14725,53158,27178,64651,32605,55330,27877,32617,16265,14608,7303,6340,3232,1709,862,2352928,0
92,94,npc_dota_hero_medusa,Medusa,agi,Ranged,"['Carry', 'Disabler', 'Durable']",/apps/dota2/images/dota_react/heroes/medusa.png?,/apps/dota2/images/dota_react/heroes/icons/medusa.png?,200,0.25,75,0.0,-1.0,25,26,32,17,22,23,1.5,3.4,3.4,600,1200,1.7,275,,True,0,94,16904,9069,100,181,511,21357,11257,36394,19122,41507,21926,32810,17294,18106,9430,8092,4224,3757,1998,1643,881,1658331,0
93,95,npc_dota_hero_troll_warlord,Troll Warlord,agi,Ranged,"['Carry', 'Pusher', 'Disabler', 'Durable']",/apps/dota2/images/dota_react/heroes/troll_warlord.png?,/apps/dota2/images/dota_react/heroes/icons/troll_warlord.png?,200,0.25,75,0.0,-1.0,25,27,35,21,21,13,2.5,3.3,1.0,500,1200,1.7,290,,True,2,95,18009,9673,20,49,78,15517,8095,18671,9529,17502,8770,13317,6592,7092,3543,2961,1438,1247,618,409,202,743693,0
94,96,npc_dota_hero_centaur,Centaur Warrunner,str,Melee,"['Durable', 'Initiator', 'Disabler', 'Nuker', 'Escape']",/apps/dota2/images/dota_react/heroes/centaur.png?,/apps/dota2/images/dota_react/heroes/icons/centaur.png?,200,0.25,75,0.0,0.0,25,36,38,27,15,15,4.6,1.0,1.6,150,900,1.7,300,,True,4,96,9151,5019,9,24,6,10122,5445,18193,9443,21068,11051,16123,8321,8626,4370,3365,1725,1368,681,310,149,1094891,0
95,97,npc_dota_hero_magnataur,Magnus,str,Melee,"['Initiator', 'Disabler', 'Nuker', 'Escape']",/apps/dota2/images/dota_react/heroes/magnataur.png?,/apps/dota2/images/dota_react/heroes/icons/magnataur.png?,200,0.5,75,0.0,1.0,25,32,40,25,15,19,3.5,2.5,2.1,150,900,1.8,305,0.8,True,4,97,28099,12655,108,218,317,16580,7547,41857,19310,64527,30188,63940,30152,40987,19645,19036,9148,8532,4173,2849,1432,1237028,0
96,98,npc_dota_hero_shredder,Timbersaw,str,Melee,"['Nuker', 'Durable', 'Escape']",/apps/dota2/images/dota_react/heroes/shredder.png?,/apps/dota2/images/dota_react/heroes/icons/shredder.png?,200,0.25,75,0.5,0.0,25,27,31,24,16,23,3.2,1.6,2.7,150,900,1.7,290,,True,2,98,9410,4393,28,57,88,8944,4233,15856,7328,20127,9418,17685,8117,11023,5047,5250,2373,2564,1170,1017,469,1026937,0
97,99,npc_dota_hero_bristleback,Bristleback,str,Melee,"['Carry', 'Durable', 'Initiator', 'Nuker']",/apps/dota2/images/dota_react/heroes/bristleback.png?,/apps/dota2/images/dota_react/heroes/icons/bristleback.png?,200,0.25,75,0.25,1.0,25,30,36,22,17,14,2.9,1.8,2.8,150,900,1.8,290,0.9,True,2,99,31639,16898,16,34,25,32209,17162,45293,23162,45482,22686,32452,16067,15342,7416,5458,2619,1907,917,435,202,2099955,0
98,100,npc_dota_hero_tusk,Tusk,str,Melee,"['Initiator', 'Disabler', 'Nuker']",/apps/dota2/images/dota_react/heroes/tusk.png?,/apps/dota2/images/dota_react/heroes/icons/tusk.png?,200,0.75,75,0.0,1.0,25,27,31,23,23,18,3.9,2.1,1.7,150,900,1.7,315,0.7,True,2,100,12181,5560,31,69,16,7847,3585,14951,6909,19928,9317,18474,8630,11607,5461,5371,2497,2473,1211,914,423,802724,0
99,101,npc_dota_hero_skywrath_mage,Skywrath Mage,int,Ranged,"['Support', 'Nuker', 'Disabler']",/apps/dota2/images/dota_react/heroes/skywrath_mage.png?,/apps/dota2/images/dota_react/heroes/icons/skywrath_mage.png?,200,0.25,75,0.0,-2.0,25,16,26,21,13,25,2.0,0.8,4.1,625,1000,1.7,325,,True,2,101,36647,19072,27,48,14,26735,14107,40228,21056,43989,23234,36301,18927,21457,11307,10022,5205,4864,2466,1849,926,1477067,0
100,102,npc_dota_hero_abaddon,Abaddon,str,Melee,"['Support', 'Carry', 'Durable']",/apps/dota2/images/dota_react/heroes/abaddon.png?,/apps/dota2/images/dota_react/heroes/icons/abaddon.png?,200,1.0,75,0.0,-1.0,25,28,38,22,23,18,2.8,1.5,2.0,150,900,1.7,325,0.6,True,2,102,9328,4894,33,79,58,7870,4086,13663,7122,16746,8788,14858,7572,9180,4820,4444,2278,2200,1094,734,378,857606,0
101,103,npc_dota_hero_elder_titan,Elder Titan,str,Melee,"['Initiator', 'Disabler', 'Nuker', 'Durable']",/apps/dota2/images/dota_react/heroes/elder_titan.png?,/apps/dota2/images/dota_react/heroes/icons/elder_titan.png?,200,0.25,75,0.0,0.0,25,23,33,26,14,23,3.0,1.8,1.6,150,900,1.7,310,,True,2,103,5293,2657,92,167,104,4379,2212,8500,4244,11576,5797,12161,6148,8192,4121,4364,2109,2286,1152,1009,482,321544,0
102,104,npc_dota_hero_legion_commander,Legion Commander,str,Melee,"['Carry', 'Disabler', 'Initiator', 'Durable', 'Nuker']",/apps/dota2/images/dota_react/heroes/legion_commander.png?,/apps/dota2/images/dota_react/heroes/icons/legion_commander.png?,200,0.25,75,0.0,0.0,25,35,39,25,18,20,3.3,1.7,2.2,150,900,1.7,330,,True,2,104,32805,15804,64,136,106,35285,18170,59120,30609,70227,36408,60417,31270,37057,19121,16925,8717,7548,3773,2324,1188,2206057,0
103,105,npc_dota_hero_techies,Techies,int,Ranged,"['Nuker', 'Disabler']",/apps/dota2/images/dota_react/heroes/techies.png?,/apps/dota2/images/dota_react/heroes/icons/techies.png?,200,0.25,75,1.0,5.0,25,9,11,19,14,25,2.5,1.3,3.3,700,900,1.7,320,,True,6,105,22073,9620,4,11,62,21512,10544,32180,15683,35277,16907,28336,13564,15862,7472,6979,3294,2836,1361,798,368,1493503,0
104,106,npc_dota_hero_ember_spirit,Ember Spirit,agi,Melee,"['Carry', 'Escape', 'Nuker', 'Disabler', 'Initiator']",/apps/dota2/images/dota_react/heroes/ember_spirit.png?,/apps/dota2/images/dota_react/heroes/icons/ember_spirit.png?,200,0.75,75,0.0,-1.0,25,33,37,21,22,20,2.6,2.9,2.2,150,900,1.7,305,,True,2,106,18238,7922,97,195,293,13780,6012,29584,13169,43305,19780,43383,20125,28638,13371,13714,6562,6346,2998,2422,1221,1201874,0
105,107,npc_dota_hero_earth_spirit,Earth Spirit,str,Melee,"['Nuker', 'Escape', 'Disabler', 'Initiator', 'Durable']",/apps/dota2/images/dota_react/heroes/earth_spirit.png?,/apps/dota2/images/dota_react/heroes/icons/earth_spirit.png?,200,0.25,75,0.0,0.0,25,25,35,22,17,20,4.4,2.4,2.1,150,900,1.7,290,,True,2,107,7567,3376,73,118,115,4389,1959,9343,4361,14110,6703,14748,7118,9897,4852,5319,2669,2736,1359,1217,625,610992,0
106,108,npc_dota_hero_abyssal_underlord,Underlord,str,Melee,"['Support', 'Nuker', 'Disabler', 'Durable', 'Escape']",/apps/dota2/images/dota_react/heroes/abyssal_underlord.png?,/apps/dota2/images/dota_react/heroes/icons/abyssal_underlord.png?,200,0.25,75,0.0,3.0,25,37,43,25,12,17,3.0,1.6,2.3,200,900,1.7,290,,True,2,108,5862,3150,6,20,19,5521,2901,10889,5836,14713,7912,13183,7057,7675,4020,3213,1631,1271,607,301,149,758951,0
107,109,npc_dota_hero_terrorblade,Terrorblade,agi,Melee,"['Carry', 'Pusher', 'Nuker']",/apps/dota2/images/dota_react/heroes/terrorblade.png?,/apps/dota2/images/dota_react/heroes/icons/terrorblade.png?,200,1.0,75,0.0,5.0,25,30,36,16,22,19,2.0,4.4,1.6,150,900,1.5,315,,True,2,109,9501,4741,56,109,247,8581,4088,12964,6053,15022,6964,13290,6180,8549,3939,4451,2117,2384,1118,1176,553,673937,0
108,110,npc_dota_hero_phoenix,Phoenix,str,Ranged,"['Support', 'Nuker', 'Initiator', 'Escape', 'Disabler']",/apps/dota2/images/dota_react/heroes/phoenix.png?,/apps/dota2/images/dota_react/heroes/icons/phoenix.png?,200,1.0,75,0.0,-1.0,25,26,36,23,12,16,3.5,1.3,1.8,525,1100,1.7,280,0.9,True,2,110,7355,3393,39,86,57,5508,2575,10867,5132,14760,6895,13717,6384,8949,4185,4353,2105,2172,1058,748,358,666355,0
109,111,npc_dota_hero_oracle,Oracle,int,Ranged,"['Support', 'Nuker', 'Disabler', 'Escape']",/apps/dota2/images/dota_react/heroes/oracle.png?,/apps/dota2/images/dota_react/heroes/icons/oracle.png?,200,0.25,75,0.5,1.0,25,13,19,20,15,26,2.4,1.7,3.8,620,900,1.7,295,0.7,True,0,111,6216,2858,17,34,44,3584,1613,7481,3481,11305,5269,11986,5673,8525,4188,4388,2219,2233,1139,737,367,580925,0
110,112,npc_dota_hero_winter_wyvern,Winter Wyvern,int,Ranged,"['Support', 'Disabler', 'Nuker']",/apps/dota2/images/dota_react/heroes/winter_wyvern.png?,/apps/dota2/images/dota_react/heroes/icons/winter_wyvern.png?,200,0.25,75,0.0,0.0,25,14,21,24,16,26,2.6,1.7,3.6,425,700,1.7,285,,True,2,112,11016,5473,74,154,125,9635,4790,18627,9106,24483,12214,23521,11903,15411,7668,7511,3781,3868,1948,1517,777,1372226,0
111,113,npc_dota_hero_arc_warden,Arc Warden,agi,Ranged,"['Carry', 'Escape', 'Nuker']",/apps/dota2/images/dota_react/heroes/arc_warden.png?,/apps/dota2/images/dota_react/heroes/icons/arc_warden.png?,200,0.25,75,0.0,-1.0,25,27,37,22,20,24,2.6,2.5,2.6,625,900,1.7,285,0.7,True,2,113,9411,4880,2,5,6,6318,3156,10419,5379,12280,6378,10797,5628,6984,3658,3144,1660,1355,725,314,166,566780,0
112,114,npc_dota_hero_monkey_king,Monkey King,agi,Melee,"['Carry', 'Escape', 'Disabler', 'Initiator']",/apps/dota2/images/dota_react/heroes/monkey_king.png?,/apps/dota2/images/dota_react/heroes/icons/monkey_king.png?,200,1.0,75,0.0,2.0,25,29,33,18,22,20,2.8,3.7,1.8,300,900,1.7,300,,True,2,114,32314,14935,128,261,585,30103,14592,49724,24123,62521,30523,58036,28106,37820,18355,18674,9231,8683,4287,3343,1656,1662581,0
113,119,npc_dota_hero_dark_willow,Dark Willow,int,Ranged,"['Support', 'Nuker', 'Disabler', 'Escape']",/apps/dota2/images/dota_react/heroes/dark_willow.png?,/apps/dota2/images/dota_react/heroes/icons/dark_willow.png?,200,0.5,75,0.0,-1.0,25,27,35,20,18,21,2.0,1.6,3.5,475,1200,1.5,290,0.7,True,2,119,23471,12058,75,130,35,15054,7343,24792,12313,30486,15240,27525,13845,17792,9022,8465,4327,4171,2152,1626,836,1177896,0
114,120,npc_dota_hero_pangolier,Pangolier,agi,Melee,"['Carry', 'Nuker', 'Disabler', 'Durable', 'Escape', 'Initiator']",/apps/dota2/images/dota_react/heroes/pangolier.png?,/apps/dota2/images/dota_react/heroes/icons/pangolier.png?,200,0.25,75,0.0,1.0,25,33,39,17,18,16,2.5,3.2,1.9,150,900,1.7,300,0.9,True,2,120,9681,4442,50,92,89,4961,2301,10185,4600,16371,7604,18474,8808,14213,6776,8022,3835,4086,1990,1715,857,870881,0
115,121,npc_dota_hero_grimstroke,Grimstroke,int,Ranged,"['Support', 'Nuker', 'Disabler', 'Escape']",/apps/dota2/images/dota_react/heroes/grimstroke.png?,/apps/dota2/images/dota_react/heroes/icons/grimstroke.png?,200,0.25,75,0.0,0.0,25,21,25,21,18,25,2.4,1.9,3.8,600,900,1.7,290,,True,0,121,13507,6663,70,174,114,12875,6272,24873,12341,33522,16731,31674,15812,20043,9978,9253,4520,4065,2027,1207,581,1483133,0
116,123,npc_dota_hero_hoodwink,Hoodwink,agi,Ranged,"['Support', 'Nuker', 'Escape', 'Disabler']",/apps/dota2/images/dota_react/heroes/hoodwink.png?,/apps/dota2/images/dota_react/heroes/icons/hoodwink.png?,200,0.25,75,0.0,0.0,25,22,29,17,24,21,2.0,3.6,2.9,575,1800,2.0,310,0.9,True,4,123,20950,10061,43,92,65,13629,6648,25304,12546,35004,17271,33484,16722,21443,10560,9662,4760,4053,1946,1204,578,1705944,0
117,126,npc_dota_hero_void_spirit,Void Spirit,int,Melee,"['Carry', 'Escape', 'Nuker', 'Disabler']",/apps/dota2/images/dota_react/heroes/void_spirit.png?,/apps/dota2/images/dota_react/heroes/icons/void_spirit.png?,200,0.25,75,0.6,-1.0,25,30,34,22,19,24,2.6,2.2,3.1,200,900,1.7,295,0.7,True,2,126,26626,12695,133,272,328,16977,8217,31994,15827,46327,23308,47643,24173,33208,16894,16965,8638,8232,4204,3280,1619,1048179,0
118,128,npc_dota_hero_snapfire,Snapfire,str,Ranged,"['Support', 'Nuker', 'Disabler', 'Escape']",/apps/dota2/images/dota_react/heroes/snapfire.png?,/apps/dota2/images/dota_react/heroes/icons/snapfire.png?,200,0.75,75,0.0,1.0,25,26,32,20,16,21,3.5,1.9,2.2,500,1800,1.6,300,,True,2,128,15241,7189,201,422,260,11179,5374,23576,11420,34160,16324,33087,15865,21470,10211,10035,4792,4780,2243,1949,916,1130138,0
119,129,npc_dota_hero_mars,Mars,str,Melee,"['Carry', 'Initiator', 'Disabler', 'Durable']",/apps/dota2/images/dota_react/heroes/mars.png?,/apps/dota2/images/dota_react/heroes/icons/mars.png?,200,0.25,75,0.5,-1.0,25,29,37,23,20,21,3.4,1.7,2.2,250,900,1.8,310,0.8,True,2,129,12557,5873,161,340,303,11222,5234,25470,11734,38469,17765,39595,18445,27352,12581,13795,6425,6619,3187,2814,1312,1426791,0
120,135,npc_dota_hero_dawnbreaker,Dawnbreaker,str,Melee,"['Carry', 'Durable']",/apps/dota2/images/dota_react/heroes/dawnbreaker.png?,/apps/dota2/images/dota_react/heroes/icons/dawnbreaker.png?,200,0.25,75,0.0,2.0,25,31,35,26,14,20,3.6,1.7,2.2,150,900,1.7,310,0.6,True,2,135,14646,7008,67,145,130,11133,5449,22499,11047,32421,16066,32530,16024,22386,11002,11233,5471,5310,2603,1994,918,1147670,0
121,136,npc_dota_hero_marci,Marci,str,Melee,"['Support', 'Carry', 'Initiator', 'Disabler', 'Escape']",/apps/dota2/images/dota_react/heroes/marci.png?,/apps/dota2/images/dota_react/heroes/icons/marci.png?,200,0.25,75,0.5,0.0,25,33,37,23,20,19,3.3,2.4,1.9,150,0,1.7,310,0.9,False,2,136,64230,32191,0,0,0,21361,10761,37708,19441,48782,25444,45099,23637,28304,14972,13293,7088,6031,3227,2090,1134,146582,0
